First Name,Last Name,Username,Password,Age,Gender,Role
Shannon,Speir,ixtmci,vppchx,65,Female,Patient
Patricia,Ross,ehpsgpkv,icxwhurz,31,Male,Doctor
Suzanne,Brown,iisdse,lpwsje,79,Male,Patient
Jose,Moody,mariuoane,mtepuz,73,Female,Doctor
Jenny,Cameron,jnzfdopec,aupcbvyvpj,30,Female,IT
Sandra,Bailey,vpiooae,bjvtjlr,75,Female,Doctor
Lois,Mancil,xmpgjfyves,shufxkqxpi,86,Male,Doctor
Kim,Ratcliff,stlvnrvkx,vkuymrvne,68,Female,Doctor
Ruby,Evans,txgqvkeo,vpblpky,77,Female,Patient
Mary,Hilliard,qgolosev,ctbpasaql,37,Female,Doctor
Lorraine,Brown,ffymfl,mmnttft,61,Male,Patient
Kaitlin,Moore,lekfkk,jhygjzhnhx,21,Male,IT
Carol,Combs,giqjzqage,rcmbdliwl,21,Male,Doctor
Deanna,Santiago,sehwfh,ewwtkxjod,30,Male,Patient
Candace,Huff,uisqpcnhae,kgguwkkpq,78,Female,Patient
Stephen,Scott,tovisn,ofixjsy,68,Male,Doctor
Lisa,Helms,plicycm,gwtund,68,Female,Doctor
Pamela,Pikes,oxlqkuum,qspfqhfhu,62,Female,Patient
Willena,Brown,fyqjjti,kmppes,34,Female,IT
Ross,Desalvo,dlhkhipvco,jjspui,54,Male,Patient
Linda,Ho,mmrgmb,lkaqpxntvl,68,Female,Doctor
James,Yerkovich,yucrgvkwec,ehjdzcg,84,Male,IT
Clarence,Morgan,chxobzincw,bnzbgdadx,34,Female,Patient
John,Samuels,rxulbr,rbhbarxt,54,Male,Doctor
David,Green,jmqcwgxyed,kmbyabhojr,42,Female,IT
Sheldon,George,wfstiye,wykvasugl,28,Male,IT
Stacy,Moore,bwzbpuhvfd,xidlkr,89,Male,Patient
Nancy,Foreman,uftexppgk,inzyghe,36,Male,Doctor
Chad,Bowie,wehggx,hbpphxhmqt,45,Female,IT
April,Hermann,uxkozvlpe,rgprpuflcj,28,Female,Doctor
John,Frazier,zbxkwz,gztriso,31,Female,IT
William,Frye,drsjqxo,kicpjfg,36,Female,Patient
Rhonda,Gonzalez,qbcoteeep,lrwzpblkqf,56,Female,Doctor
Dwight,Cox,vcdtqb,ulnhvbsyvz,52,Male,Doctor
Vicky,Gold,imzgmywcas,xxjipawcaa,58,Female,Doctor
Fred,Twombley,oqqivkcd,ioxjye,78,Female,IT
Nellie,Franklin,iouhhyyjs,ohcrxtl,25,Female,IT
Clara,Rohn,zltamnch,ovtgfekvbk,24,Male,Patient
Laurie,Hunt,fplwqf,ommlipb,51,Female,Doctor
Jessie,Nelson,vxqmcqn,hbwlho,79,Male,Patient
Priscilla,Golden,akiutu,oklvgjttw,59,Male,IT
Harold,Smith,sltjwknljc,bwcwdg,57,Male,Patient
Sara,Rector,wyeqjkjbu,ztvzqdzq,72,Male,Doctor
Lee,Nichols,hdskqlfqs,cxnnecp,18,Male,Patient
Jose,Dyer,ksfaykpxwf,igsfoybah,26,Male,Doctor
James,Gonzalez,ymeqplbb,bqlhbezhw,42,Female,IT
Randy,Villalva,owiatdg,gllrmrctp,51,Male,IT
Paul,Dagostino,jfgdntil,azjnezkqwk,54,Female,IT
Greg,James,atyiylb,bwsbji,47,Female,Doctor
Rodger,Montgomery,ntfwms,unykjwu,74,Female,Patient
Bruce,Tenaglia,zcirfjj,hkqskhjn,86,Female,Doctor
Paul,Walker,agdcha,hukpaghbvh,28,Female,IT
Jacob,Maillet,uomlkyre,rlaejl,47,Female,IT
Gertie,Woodard,uoxfvgvjbo,skahfan,88,Male,IT
Guadalupe,Pollack,xxibbchfm,ktzypygoo,26,Female,Doctor
Adam,Moretto,ebmcxd,slmnuk,20,Female,Patient
Alan,Nguyen,uvrnnfinq,zclqiladj,53,Male,IT
Andrew,Smith,wbsmmgq,fygfqby,78,Male,Patient
Melanie,Henkes,wqnalznd,qiekrxc,44,Female,Patient
Robert,Bell,gtjmxkvkxl,tjkslloi,29,Male,Patient
Alonzo,Smith,ydkisr,pyxvzjo,22,Male,IT
Henry,Arnold,boycnctwa,lgxanznro,45,Male,Doctor
William,Gassoway,dwfrobay,rdzkhj,39,Male,Doctor
Henry,Mirabella,jhgzldv,tzvjiu,60,Female,Doctor
Jan,Mullen,vhltevigsh,lfplunu,83,Female,IT
Betty,Rideout,zgilgfjmgy,tovqwjkx,45,Male,Doctor
Lois,Graves,dyogtqtpc,dshcrqjyh,62,Male,Doctor
Cynthia,Thomas,khrhigzmiw,gmolih,27,Female,Doctor
Nikki,Baxter,gevolikq,injgibe,90,Female,Doctor
Jack,Hervey,hapngo,enefusup,20,Male,IT
Elizabeth,Mcfadden,eljzhu,lexlnoeaw,28,Female,Doctor
Jason,Boom,zhxggt,noewwtkmi,87,Female,Doctor
Carlos,Wilson,atapbrbwgz,hetkim,51,Female,Patient
Jarrod,Anaya,jocsormx,yueopg,56,Male,Doctor
Sharon,Flora,nacxdxnmvc,jfcuyn,43,Female,Doctor
Joseph,Davis,bhcztior,tchupr,50,Male,Patient
Carrie,Small,mtzwmrhmak,kqxjedqkh,53,Male,Patient
Vincent,Keeter,hxaficjwuc,daidky,33,Male,IT
Richard,Culver,pjhyafvzii,pmxhcabxr,48,Male,Patient
Michael,Mowry,zoxlgxgv,ummzuqbx,66,Female,Doctor
Margie,Todd,yhvkzih,rvuwzznddg,37,Female,Doctor
Fermina,Manning,enhoxfmz,ddthhyqgj,83,Male,Doctor
Alfred,Marashio,vjqicaoa,yycbtcx,84,Female,Doctor
Louis,Chouinard,uzaumpvwnu,lwvrfmjax,61,Male,IT
Mary,Tamborlane,witlcmdiyo,cnrvjpc,22,Male,Doctor
Kristopher,Griffith,aokxnbrxzs,jmhvejpz,21,Female,IT
Judith,Madril,sidvvmkooa,yfsipcpm,63,Female,Patient
Lindsey,Studebaker,mkhrvjmxz,tgpdswkf,69,Female,Patient
Bonnie,Stevenson,vldkwi,jstgdakwd,59,Male,Doctor
Robert,Jones,ncbdbdykf,trertat,81,Female,Doctor
Jessica,Green,lkjyrthwd,zrydyw,76,Male,IT
Alberta,Lash,xemqyd,wsqnkwx,24,Female,IT
Kathy,Nahass,nlluieuhyu,lrieao,89,Male,Doctor
Kenneth,Graciano,basymrej,mlwslw,31,Female,Doctor
Elmer,Cunningham,lqbrhacel,oeuuttm,88,Female,Patient
Elizabeth,Schaper,zsmita,lczuwyzr,83,Female,IT
Frances,Phifer,vfsuwkzhln,dtvrrjx,66,Female,Patient
Junior,Hauman,hhgtajaaa,wzylgojxvm,50,Female,Doctor
Karen,Dawkins,ztzkla,vunoegsbyg,77,Female,IT
Gerald,Ho,wgbtbbjrm,aewhsoyxa,85,Female,IT
